{"cameraMode":{"drawMode":0,"name":"Shaded","section":"Shading Mode"},"sceneLighting":true,"audioPlay":false,"sceneViewState":{"m_AlwaysRefresh":false,"showFog":true,"showSkybox":true,"showFlares":true,"showImageEffects":true,"showParticleSystems":true,"showVisualEffectGraphs":true,"m_FxEnabled":true},"in2DMode":false,"pivot":{"x":571.6404418945313,"y":355.772705078125,"z":-178.63380432128907},"rotation":{"x":-0.13636992871761323,"y":0.013964078389108181,"z":-0.0019226203439757228,"w":-0.9905587434768677},"size":81.39410400390625,"orthographic":false}